[
  {
    "key": "form_1",
    "title": "",
    "section": "Form",
    "optional": false,
    "type": "text",
    "control": {
      "html_text": "<div style=\"text-align:center\"><strong>Informed Consent</strong><br># Dental Records Release Form<br>## Patient information<br>Full name: Date of birth: Address: City: State: Zip:<br>Phone number: Email address:<br>## Current dental practice information<br>Name of current dental practice: Address: City: State: Zip:<br>Phone number: Email address:<br>## New dental practice information<br>Name of current dental practice: Address: City: State: Zip:<br>Phone number: Email address:<br>### Date of release:<br>**Patient consent and authorization**<br>I, the undersigned, hereby authorize the transfer of my/patient\u2019s dental records from the current dental practice listed above to the new dental practice specified above. This authorization includes, but is not limited to, the release of dental history, treatment reports, X-rays, and laboratory results. I understand that this transfer is essential for ensuring the continuity of dental care and treatment.</div>",
      "hint": null
    }
  },
  {
    "key": "patient_name_print",
    "title": "Patient Name (Print)",
    "section": "Signature",
    "optional": false,
    "type": "input",
    "control": {
      "input_type": "name",
      "hint": null
    }
  },
  {
    "key": "signature",
    "title": "Signature",
    "section": "Signature",
    "optional": false,
    "type": "signature",
    "control": {
      "hint": null,
      "input_type": null
    }
  },
  {
    "key": "date_signed",
    "title": "Date Signed",
    "section": "Signature",
    "optional": false,
    "type": "date",
    "control": {
      "hint": null,
      "input_type": "any"
    }
  }
]