[
  {
    "key": "form_1",
    "title": "",
    "section": "Form",
    "optional": false,
    "type": "text",
    "control": {
      "html_text": "<div style=\"text-align:center\"><strong>CONSENT FOR FINAL PROCESSING</strong><br>**Full or Partial Denture**<br>I have been given the opportunity to view my dentures in the mouth prior to final processing. I approve the color, shape, feel and overall appearance of my dentures. I understand that once the dentures are processed by the laboratory, the factors of color, shape, feel and overall appearance cannot be changed without additional and possibly significant time being taken and fees assessed.<br>By signing this Consent for final processing, I give Dr. my consent for final processing and acknowledge my approval of the appearance.<br>Patient's Name (Please Print) : Date:<br>Signature of patient, legal guardian<br>or authorized representative: Date:</div>",
      "hint": null
    }
  },
  {
    "key": "signature",
    "title": "Signature",
    "section": "Signature",
    "optional": false,
    "type": "signature",
    "control": {
      "hint": null,
      "input_type": null
    }
  },
  {
    "key": "date_signed",
    "title": "Date Signed",
    "section": "Signature",
    "optional": false,
    "type": "date",
    "control": {
      "hint": null,
      "input_type": "any"
    }
  }
]