[
  {
    "key": "form_1",
    "title": "",
    "section": "Form",
    "optional": false,
    "type": "text",
    "control": {
      "html_text": "<div style=\"text-align:center\"><strong>Informed Consent for Composite Restoration</strong><br>Recommended Treatment I hereby give consent to {{provider}} Composite Restoration<br>procedure(s) on me or my dependent as follows.<br>(\u2018\"Recommended Treatment\u201d) and any such additional procedure(s) as may be considered necessary for<br>my well- being based on findings made during the course of the Recommended Treatment. The nature and purpose of the Recommended Treatment have been explained to me and no guarantee has been made or implied as to result or cure. I have been given satisfactory answers to all of my questions, and I wish to proceed with the Recommended Treatment. I also consent to the administration of local anesthesia during the performance of the Recommended Treatment.<br>Treatment Alternatives<br>Alternative methods of treatment have been explained to me, such as: but I wish to proceed with the Recommended Treatment described above.<br>Risks and Complications<br>I understand drat there are risks and complications associated with the administration of medications, including anesthesia, and performance of the Recommended Treatment. These potential risks and complications, include, but are not limited to, the following:<br>. Drug reactions and side effects.<br>. Damage to adjacent teeth or tooth restorations.<br>. Necessity for root canal therapy due to injury of pulp tissue.<br>. Breakage or dislodgement in buildup failure of restorative material.<br>. Necessity for a more extensive restoration, such as a crown, than originally diagnosed, due to additional decay or unsupported<br>. tooth structure found during preparation.<br>. Inability to exactly match tooth coloration.<br>. Changes in the shade of the composite restoration over time as a result of the oral environment.<br>. Sensitivity\" of teeth following the placement of the restorations, ty pically temporary.<br>. As a result of the injection or use of anesthesia, there may be swelling, jaw muscle tenderness or even resultant<br>numbness of the tongue, lips, teeth, jaws and/or facial tissues, which is typically temporary , but in rare instances, may be permanent.</div>",
      "hint": null
    }
  },
  {
    "key": "signature",
    "title": "Signature",
    "section": "Signature",
    "optional": false,
    "type": "signature",
    "control": {
      "hint": null,
      "input_type": null
    }
  },
  {
    "key": "date_signed",
    "title": "Date Signed",
    "section": "Signature",
    "optional": false,
    "type": "date",
    "control": {
      "hint": null,
      "input_type": "any"
    }
  }
]