[
  {
    "key": "form_1",
    "title": "",
    "section": "Form",
    "optional": false,
    "type": "text",
    "control": {
      "html_text": "<div style=\"text-align:center\"><strong>Informed Consent</strong><br>I hereby give consent to {{provider}} Crown and Bridge Prosthetics<br>procedure(s) on me or my dependent as follows:<br>(\u201cRecommended Treatment\u201d) and any such additional procedure(s) as may be considered necessary for my well- being based on findings made during the course of the Recommended Treatment. The nature and purpose of the Recommended Treatment have been explained to me and no guarantee has been made or implied as to the result or cure. I have been given satisfactory answers to all of my questions, and I wish to proceed with the Recommended Treatment. I also consent to the administration of local anesthesia during the performance of the Recommended Treatment.<br>Treatment Alternatives<br>Alternative methods of treatment have been explained to me, such as: but I wish to proceed with the Recommended Treatment described above.<br>Risks and Complications<br>I understand that there are risks and complications associated with the administration of medications, including anesthesia, and performance of the Recommended Treatment. These potential risks and complications, include, but are not limited to, the following:<br>. Sensitivity of teeth. If present, usually resolves within weeks or sometimes longer after placement.<br>. Crown or bridge abutment teeth may require root canal treatment if sensitivity persists or the tooth becomes sensitive or painful to the bite.<br>. Breakage of temporary or permanent restoration and/or tooth.<br>. Uncomfortable or strange feelings, which is typically temporary. In limited situations, muscle soreness or tenderness of the jaw may persist following placement of the prosthesis.<br>. Unsatisfactory aesthetics or appearance. You will be given the opportunity to approve the final restoration prior to permanent cementation.<br>. Unsatisfactory longevity of crowns and bridges.<br>. As a result of the injection or use of anesthesia, at times there may be swelling, jaw muscle tenderness or even resultant numbness of the tongue, lips, teeth, jaws and/or facial tissues, which is typically temporary, but in rare instances, may be permanent.</div>",
      "hint": null
    }
  },
  {
    "key": "date_of_birth",
    "title": "Date of Birth",
    "section": "Signature",
    "optional": false,
    "type": "date",
    "control": {
      "input_type": "past",
      "hint": null
    }
  },
  {
    "key": "signature",
    "title": "Signature",
    "section": "Signature",
    "optional": false,
    "type": "signature",
    "control": {
      "hint": null,
      "input_type": null
    }
  },
  {
    "key": "date_signed",
    "title": "Date Signed",
    "section": "Signature",
    "optional": false,
    "type": "date",
    "control": {
      "hint": null,
      "input_type": "any"
    }
  }
]