[
  {
    "key": "form_1",
    "title": "",
    "section": "Form",
    "optional": false,
    "type": "text",
    "control": {
      "html_text": "<div style=\"text-align:center\"><strong>Informed Consent</strong><br># Pediatric Tooth Extraction<br>Patient Name: Date of Birth:<br>I hereby give permission to to perform the extraction of tooth/teeth numbers: to be done with local anesthesia.<br>Extraction of teeth is an irreversible process and weather routine or difficult is a surgical procedure. As in any surgery, there are some risks. They include but are not limited to the following:<ul><li>Swelling, bruising, and/or discomfort in the extraction area</li><li>Stretching of the corners of the mouth resulting in cracking or bruising</li><li>Possible infection requiring additional treatment</li><li>Bleeding- significant bleeding is not common, but oozing can be expected for several hours</li><li>Sharp ridges or bone splinters may form later at the edge of the socket. These usually require another treatment to smooth or remove.</li></ul>Signature of Parent/Guardian: Date:<br>Witness: Date:</div>",
      "hint": null
    }
  },
  {
    "key": "signature",
    "title": "Signature",
    "section": "Signature",
    "optional": false,
    "type": "signature",
    "control": {
      "hint": null,
      "input_type": null
    }
  },
  {
    "key": "date_signed",
    "title": "Date Signed",
    "section": "Signature",
    "optional": false,
    "type": "date",
    "control": {
      "hint": null,
      "input_type": "any"
    }
  }
]