[
  {
    "key": "form_1",
    "title": "",
    "section": "Form",
    "optional": false,
    "type": "text",
    "control": {
      "html_text": "<div style=\"text-align:center\"><strong>Full name: Date of birth: Address: City: State: Zip: Phone number: Email address: Name of current dental practice: Address: City: State: Zip: Phone number: Email address: Name of current dental practice: Address: City: State: Zip: Phone number: Email address: **Patient consent and authorization** I, the undersigned, hereby authorize the transfer of my/patient\u2019s dental records from the current dental practice listed above to the new dental practice specified above</strong><br>Full name: Date of birth: Address: City: State: Zip: Phone number: Email address: Name of current dental practice: Address: City: State: Zip: Phone number: Email address: Name of current dental practice: Address: City: State: Zip: Phone number: Email address: **Patient consent and authorization** I, the undersigned, hereby authorize the transfer of my/patient\u2019s dental records from the current dental practice listed above to the new dental practice specified above<br>This authorization includes, but is not limited to, the release of dental history, treatment reports, X-rays, and laboratory results<br>I understand that this transfer is essential for ensuring the continuity of dental care and treatment.</div>"
    }
  },
  {
    "key": "patient_name_print",
    "title": "Patient Name (Print)",
    "section": "Signature",
    "optional": false,
    "type": "input",
    "control": {
      "input_type": "name"
    }
  },
  {
    "key": "date_signed",
    "title": "Date Signed",
    "section": "Signature",
    "optional": false,
    "type": "date",
    "control": {
      "input_type": "past"
    }
  },
  {
    "key": "legal_guardian",
    "title": "Legal Guardian",
    "section": "Signature",
    "optional": false,
    "type": "input",
    "control": {
      "input_type": "name"
    }
  },
  {
    "key": "signature",
    "title": "Signature",
    "section": "Signature",
    "optional": false,
    "type": "signature",
    "control": {}
  }
]