[
  {
    "key": "form_1",
    "title": "",
    "section": "Form",
    "optional": false,
    "type": "text",
    "control": {
      "html_text": "<div style=\"text-align:center\"><strong>FINAL PROCESSING Full or Partial Denture I have been given the opportunity to view my dentures in the mouth prior to final processing</strong><br>CONSENT FOR FINAL PROCESSING Full or Partial Denture I have been given the opportunity to view my dentures in the mouth prior to final processing<br>I approve the color, shape, feel and overall appearance of my dentures<br>I understand that once the dentures arc processed by the laboratory, the factors of color, shape, feel and overall appearance cannot be changed without additional and possibly significant time being taken and fees assessed By signing this Consent for final processing I give Dr<br>my consent for final processing and acknowledge my approval of the appearance.</div>"
    }
  },
  {
    "key": "patient_name_print",
    "title": "Patient Name (Print)",
    "section": "Signature",
    "optional": false,
    "type": "input",
    "control": {
      "input_type": "name"
    }
  },
  {
    "key": "date_signed",
    "title": "Date Signed",
    "section": "Signature",
    "optional": false,
    "type": "date",
    "control": {
      "input_type": "past"
    }
  },
  {
    "key": "legal_guardian",
    "title": "Legal Guardian",
    "section": "Signature",
    "optional": false,
    "type": "input",
    "control": {
      "input_type": "name"
    }
  },
  {
    "key": "authorized_representative",
    "title": "Authorized Representative",
    "section": "Signature",
    "optional": false,
    "type": "input",
    "control": {
      "input_type": "name"
    }
  },
  {
    "key": "signature",
    "title": "Signature",
    "section": "Signature",
    "optional": false,
    "type": "signature",
    "control": {}
  }
]