[
  {
    "key": "form_1",
    "title": "",
    "section": "Form",
    "optional": false,
    "type": "text",
    "control": {
      "html_text": "<div style=\"text-align:center\"><strong>I also consent to the administration of local anesthesia during the performance of the Recommended Treatment</strong><br>**Recommended Treatment** I hereby give Dr<br>{{provider}} {{provider}} Endodontic Procedures procedure(s) on me or my dependent as follows: (\u201cRecommended Treatment\u201d) and any such additional procedure(s) as may be considered necessary for my well- being based on findings made during the course of the Recommended Treatment<br>The nature and purpose of the Recommended Treatment have been explained to me and no guarantee has been made or implied as to result or cure<br>I have been given satisfactory answers to all of my questions, and I wish to proceed with the Recommended Treatment<br>I also consent to the administration of local anesthesia during the performance of the Recommended Treatment<br>The Recommended Treatment works by removing bacteria from the hollow space inside the tooth, and by sealing off the inside of the tooth to prevent re-infection<br>Although the Recommended Treatment has a very high success rate, it is a biological procedure and cannot be guaranteed<br>Occasionally, a tooth which has had root canal treatment may require retreatment, additional surgery, or extraction<br>Alternative methods of treatment have been explained to me, such as extraction of the involved teeth, or postponement of root canal therapy, but I wish to proceed with the Recommended Treatment described above<br>I understand that there are risks and complications associated with the administration of medications, including anesthesia, and performance of the Recommended Treatment<br>These potential risks and complications, include, but are not limited to, the following: - Instrument breakage in the root canal<br>- Inability to negotiate canals due to prior treatment or calcification - Perforation to the outside of the tooth<br>- Irreparable damage to the existing crown or restoration<br>- Cracking or fracturing of the root or crown of the tooth - Pain, infection and swelling - Difficulty opening and closing<br>- Temporomandibular Dysfunction resulting in jaw pain<br>- Nerve injury resulting in temporary or permanent numbness, itching, burning or tingling of the lip, chin, tongue or teeth<br>- As a result of the injection or use of anesthesia, there may be swelling, jaw muscle tenderness or even resultant numbness of the tongue, lips, teeth, jaws and/or facial tissues, which is typically temporary, but in rare instances, may be permanent.</div>"
    }
  },
  {
    "key": "printed_name",
    "title": "Printed Name",
    "section": "Signature",
    "optional": false,
    "type": "input",
    "control": {
      "input_type": "name"
    }
  },
  {
    "key": "date_signed",
    "title": "Date Signed",
    "section": "Signature",
    "optional": false,
    "type": "date",
    "control": {
      "input_type": "past"
    }
  },
  {
    "key": "relationship",
    "title": "Relationship",
    "section": "Signature",
    "optional": false,
    "type": "input",
    "control": {
      "input_type": "name"
    }
  },
  {
    "key": "signature",
    "title": "Signature",
    "section": "Signature",
    "optional": false,
    "type": "signature",
    "control": {}
  }
]