[
  {
    "key": "form_1",
    "title": "",
    "section": "Form",
    "optional": false,
    "type": "text",
    "control": {
      "html_text": "<div style=\"text-align:center\"><strong>I also consent to the administration of local anesthesia during the performance of the Recommended Treatment</strong><br>I hereby give Dr<br>{{provider}} {{provider}} Tooth Extraction procedure(s) on me or my dependent as follows: (\u201cRecommended Treatment\u201d) and any such additional procedure(s) as may be considered necessary for my well- being based on findings made during the course of the Recommended Treatment<br>The nature and purpose of the Recommended Treatment have been explained to me and no guarantee has been made or implied as to result or cure<br>I have been given satisfactory answers to all of my questions, and I wish to proceed with the Recommended Treatment<br>I also consent to the administration of local anesthesia during the performance of the Recommended Treatment<br>Alternative methods of treatment have been explained to me, such as: but I wish to proceed with the Recommended Treatment described above<br>I understand that there are risks and complications associated with the administration of medications, including anesthesia, and performance of the Recommended Treatment<br>These potential risks and complications, include, but are not limited to, the following: - Drug reactions and side effects<br>- Post-operative bleeding, oozing, infection and/or bone infection<br>- Bruising and/or swelling, restricted mouth opening for several days or weeks - Loss or removal of bone during tooth extraction<br>- Damage to, or fracture of, adjacent teeth or tooth restorations<br>- Root tips may break during the oral surgery process<br>These root tips may be left in the bone to avoid more aggressive surgery<br>However, this more aggressive surgery may be needed and you may be referred for this procedure<br>- Delayed healing, including but not limited to, dry socket, necessitating post-operative care - Possible involvement of the sinus during the removal of the upper posterior teeth, which may require additional treatment or surgical repair at a later date<br>- Possible involvement of the nerves of the lower jaw during the removal of teeth resulting in temporary or permanent tingling/numbness of the lower lip, chin, tongue or other surrounding structures - Jaw fracture<br>- If you are taking medications to make your bones stronger (such as bisphosphonates) or if you have received radiation therapy to the head or neck area for tumors/cancer, then you are at a higher risk for poor bone healing or bone death that may never completely resolve<br>- As a result of the injection or use of anesthesia, there may be swelling, jaw muscle tenderness or even resultant numbness of the tongue, lips, teeth, jaws and/or facial tissues, which is typically temporary, but in rare instances, may be permanent.</div>"
    }
  },
  {
    "key": "printed_name",
    "title": "Printed Name",
    "section": "Signature",
    "optional": false,
    "type": "input",
    "control": {
      "input_type": "name"
    }
  },
  {
    "key": "date_signed",
    "title": "Date Signed",
    "section": "Signature",
    "optional": false,
    "type": "date",
    "control": {
      "input_type": "past"
    }
  },
  {
    "key": "relationship",
    "title": "Relationship",
    "section": "Signature",
    "optional": false,
    "type": "input",
    "control": {
      "input_type": "name"
    }
  },
  {
    "key": "date_of_birth",
    "title": "Date of Birth",
    "section": "Signature",
    "optional": false,
    "type": "date",
    "control": {
      "input_type": "past"
    }
  },
  {
    "key": "signature",
    "title": "Signature",
    "section": "Signature",
    "optional": false,
    "type": "signature",
    "control": {}
  }
]