[
  {
    "key": "form_1",
    "title": "",
    "section": "Form",
    "optional": false,
    "type": "text",
    "control": {
      "html_text": "<div style=\"text-align:center\"><strong>Biopsy Recommended Treatment I hereby give Dr</strong><br>Informed Consent for Biopsy Recommended Treatment I hereby give Dr<br>{{provider}} {{provider}} Biopsy procedure(s) on me or my dependent as follows: (\u201cRecommended Treatment\u201d) and any such additional procedure(s) as may be considered necessary for my well- being based on findings made during the course of the Recommended Treatment<br>The nature and purpose of the Recommended Treatment have been explained to me and no guarantee has been made or implied as to result or cure<br>I have been given satisfactory answers to all of my questions, and I wish to proceed with the Recommended Treatment<br>I also consent to the administration of local anesthesia during the performance of the Recommended Treatment<br>Treatment Alternatives Alternative methods of treatment have been explained to me, such as: but I wish to proceed with the Recommended Treatment described above Risks and Potential Complications<br>I understand that there are risks and potential complications associated with the administration of medications, including anesthesia, and performance of the Recommended Treatment<br>These risks and potential complications, include, but are not limited to, the following: Drug reactions and side effects.<br>Post-operative pain, bleeding, oozing, soft tissue infection and/or bone infection.<br>Bruising and/or swelling, restricted mouth opening for several days or weeks, or, rarely, longer.<br>Delayed healing, necessitating post-operative care.<br>If you are taking medications to make your bones stronger (such as bisphosphonates) or if you have received radiation therapy to the head or neck area for tumors/cancer, then you are at a higher risk for poor bone healing or bone loss that may never completely resolve and which may require surgery or other treatment.<br>Regrowth of the tissue which was removed in the biopsy.<br>As a result of the Lidocaine injection or use of other local anesthesia, there may be swelling, jaw muscle tenderness or even resultant tingling/numbness/pain (possibly of an electric shock nature) of the tongue, lips, teeth, jaws and/or facial tissues, which is typically temporary, but in rare instances, may be permanent: this may include alteration or loss of taste.<br>Depending upon the results of the biopsy, further treatment may be required, to better obtain a diagnosis and/or to remove additional tissue.</div>"
    }
  },
  {
    "key": "printed_name",
    "title": "Printed Name",
    "section": "Signature",
    "optional": false,
    "type": "input",
    "control": {
      "input_type": "name"
    }
  },
  {
    "key": "date_signed",
    "title": "Date Signed",
    "section": "Signature",
    "optional": false,
    "type": "date",
    "control": {
      "input_type": "past"
    }
  },
  {
    "key": "relationship",
    "title": "Relationship",
    "section": "Signature",
    "optional": false,
    "type": "input",
    "control": {
      "input_type": "name"
    }
  },
  {
    "key": "date_of_birth",
    "title": "Date of Birth",
    "section": "Signature",
    "optional": false,
    "type": "date",
    "control": {
      "input_type": "past"
    }
  },
  {
    "key": "signature",
    "title": "Signature",
    "section": "Signature",
    "optional": false,
    "type": "signature",
    "control": {}
  }
]