[
  {
    "key": "patient_name",
    "title": "Patient Name",
    "section": "Signature",
    "optional": false,
    "type": "input",
    "control": {
      "input_type": "name"
    }
  },
  {
    "key": "date_of_birth",
    "title": "Date of Birth",
    "section": "Signature",
    "optional": false,
    "type": "date",
    "control": {
      "input_type": "past"
    }
  },
  {
    "key": "procedure_description",
    "title": "Procedure Description",
    "section": "Signature",
    "optional": false,
    "type": "input",
    "control": {
      "input_type": "name"
    }
  },
  {
    "key": "date_signed",
    "title": "Date Signed",
    "section": "Signature",
    "optional": false,
    "type": "date",
    "control": {
      "input_type": "past"
    }
  },
  {
    "key": "signature",
    "title": "Signature",
    "section": "Signature",
    "optional": false,
    "type": "signature",
    "control": {}
  }
]